{
    "MAE": 192.1013498358629,
    "RMSE": 285.4686141307621,
    "R^2": 0.7954663954824053
}