{
    "MAE": 203.72068112633178,
    "RMSE": 292.04067768461397,
    "R^2": 0.7859404373274818,
    "OOB_Score": 0.9195216528896271
}