{
    "MAE": 231.7363822086398,
    "RMSE": 346.80557606805405,
    "R^2": 0.6981299116072224
}