{
    "MAE": 206.67821917808223,
    "RMSE": 295.3132759776393,
    "R^2": 0.7811160681436051,
    "OOB_Score": 0.9154317783661586
}